City_ID,City,Lat,Lng,Max Temp,Humidity,Cloudiness,Wind Speed,Country,Date
0,port-aux-francais,-49.35,70.2167,275.95,92,99,17.75,TF,1698702044
1,labuhan deli,3.7278,98.6738,299.31,100,40,2.57,ID,1698702473
2,queenstown,-31.8976,26.8753,280.72,80,46,1.96,ZA,1698702096
3,papatowai,-46.5619,169.4708,287.81,63,100,1.87,NZ,1698702067
4,vilyuchinsk,52.9306,158.4028,274.3,75,48,3.52,RU,1698701802
5,iskateley,67.6803,53.1512,266.49,95,98,4.47,RU,1698702063
6,hacienda huancane,-15.8222,-70.8856,279.97,40,22,10.44,PE,1698702476
7,qamdo,31.1667,97.2333,268.04,78,58,0.98,CN,1698702160
8,puerto natales,-51.7236,-72.4875,279.86,51,64,1.69,CL,1698702054
9,adamstown,-25.066,-130.1015,296.14,73,100,3.92,PN,1698702045
10,saint-philippe,-21.3585,55.7679,296.92,82,27,4.25,RE,1698702478
11,okha,53.5739,142.9478,276.62,75,50,8.7,RU,1698702140
12,matelica,43.2541,13.0106,295.26,79,100,3.85,IT,1698702479
13,post,33.1909,-101.3782,280.36,29,5,2.57,US,1698702480
14,punta arenas,-53.15,-70.9167,280.21,57,0,6.17,CL,1698702065
15,sallisaw,35.4604,-94.7875,282.97,40,100,5.14,US,1698702340
16,hadibu,12.65,54.0333,299.46,75,100,5.53,YE,1698702111
17,bealanana,-14.55,48.7333,289.87,94,49,1.02,MG,1698702482
18,albany,42.6001,-73.9662,281.84,86,100,0.89,US,1698701818
19,sorong,-0.8833,131.25,301.13,70,100,1.66,ID,1698702483
20,ilulissat,69.2167,-51.1,276.16,52,5,9.77,GL,1698702055
21,kalmunai,7.4167,81.8167,297.86,90,97,1.81,LK,1698702136
22,bida,9.0833,6.0167,300.5,57,82,1.46,NG,1698702485
23,anadyr,64.75,177.4833,274.43,93,75,7.0,RU,1698702137
24,olonkinbyen,70.9221,-8.7187,274.65,71,100,5.18,SJ,1698701834
25,qaqortoq,60.7167,-46.0333,279.58,53,100,7.02,GL,1698702100
26,longyearbyen,78.2186,15.6401,274.06,69,75,2.57,SJ,1698701828
27,waitangi,-43.9535,-176.5597,286.94,82,96,6.71,NZ,1698702040
28,malvan,16.0667,73.4667,299.47,78,39,1.43,IN,1698702488
29,grytviken,-54.2811,-36.5092,276.61,81,14,4.19,GS,1698702039
30,avarua,-21.2078,-159.775,298.18,73,75,5.66,CK,1698702080
31,port elizabeth,-33.918,25.5701,288.32,87,75,6.69,ZA,1698702053
32,georgetown,5.4112,100.3354,300.38,92,20,2.57,MY,1698701894
33,sao gabriel da cachoeira,-0.1303,-67.0892,301.99,69,97,0.93,BR,1698702209
34,fort bragg,35.139,-79.006,302.47,45,0,6.69,US,1698701801
35,olonets,60.9847,32.9698,269.35,93,68,1.7,RU,1698702492
36,tura,25.5198,90.2201,291.53,91,54,1.79,IN,1698702071
37,enewetak,11.3474,162.3373,301.8,79,92,9.75,MH,1698702039
38,ribeira grande,38.5167,-28.7,293.02,77,40,6.69,PT,1698702041
39,usogorsk,63.4106,48.6872,269.63,83,100,1.13,RU,1698702494
40,edinburgh of the seven seas,-37.0676,-12.3116,285.96,90,92,13.4,SH,1698702045
41,utuado,18.2655,-66.7004,300.67,96,100,1.8,PR,1698702496
42,sept-iles,50.2001,-66.3821,275.4,60,75,2.24,CA,1698702496
43,margaret river,-33.95,115.0667,282.33,90,47,3.95,AU,1698702097
44,sabang,5.8933,95.3214,300.43,75,85,1.19,ID,1698702498
45,prineville,44.2999,-120.8345,288.42,25,0,3.09,US,1698702498
46,coquimbo,-29.9533,-71.3436,292.0,68,0,6.69,CL,1698702132
47,belaya kholunitsa,58.84,50.8528,270.69,88,100,1.78,RU,1698702499
48,invercargill,-46.4,168.35,284.27,89,99,1.34,NZ,1698701845
49,pakxan,18.3778,103.6601,294.23,90,91,1.65,LA,1698702500
50,bethel,41.3712,-73.414,286.49,88,100,2.57,US,1698701824
51,tomatlan,19.9333,-105.25,303.11,69,43,4.2,MX,1698702502
52,jamestown,42.097,-79.2353,279.92,95,100,5.66,US,1698701819
53,arish,31.1316,33.7984,299.17,50,1,3.6,EG,1698702503
54,homer,59.6425,-151.5483,283.73,72,0,0.0,US,1698702503
55,sinabang,2.4803,96.3801,298.34,87,100,1.91,ID,1698702180
56,kavaratti,10.5669,72.642,301.32,73,100,3.71,IN,1698702145
57,moranbah,-22.0016,148.0466,296.05,49,6,1.72,AU,1698702505
58,college,64.8569,-147.8028,274.51,86,100,0.0,US,1698702056
59,minab,27.1467,57.0801,300.29,60,81,0.98,IR,1698702506
60,bredasdorp,-34.5322,20.0403,287.27,74,0,7.2,ZA,1698702043
61,belyy yar,53.6039,91.3903,270.09,93,75,1.0,RU,1698702507
62,bilibino,68.0546,166.4372,254.71,75,53,1.57,RU,1698702060
63,orchard homes,46.8633,-114.0484,280.53,63,0,1.54,US,1698702508
64,kolyvan',55.3053,82.7391,268.94,82,100,4.73,RU,1698702509
65,palikir - national government center,6.9248,158.1611,302.56,79,75,1.54,FM,1698702509
66,wailua homesteads,22.0669,-159.378,300.59,72,20,4.12,US,1698702052
67,tara,56.8944,74.371,264.42,90,69,4.3,RU,1698702510
68,puerto ayora,-0.7393,-90.3518,301.13,90,100,2.68,EC,1698702037
69,hawaiian paradise park,19.5933,-154.9731,300.86,86,75,3.6,US,1698702047
70,waingapu,-9.6567,120.2641,298.6,82,6,2.41,ID,1698702134
71,saldanha,-33.0117,17.9442,290.18,59,0,7.6,ZA,1698702071
72,jiayuguan,39.8167,98.3,281.5,26,80,1.15,CN,1698702514
73,iqaluit,63.7506,-68.5145,261.0,72,75,10.8,CA,1698702051
74,badger,64.8,-147.5333,274.46,86,100,0.0,US,1698702041
75,port mathurin,-19.6833,63.4167,297.85,81,4,7.64,MU,1698702104
76,kroya,-7.6331,109.2461,297.48,90,11,1.38,ID,1698702516
77,hanceville,34.0607,-86.7675,285.12,83,94,5.1,US,1698702112
78,horta,38.5333,-28.6333,292.05,81,40,6.69,PT,1698702449
79,kodiak,57.79,-152.4072,280.88,93,100,6.17,US,1698702093
80,kuching,1.55,110.3333,300.38,100,20,0.0,MY,1698702519
81,isafjordur,66.0755,-23.124,275.1,74,76,2.39,IS,1698702056
82,ushuaia,-54.8,-68.3,277.96,60,75,9.26,AR,1698702044
83,cidade velha,14.9167,-23.6167,300.41,69,75,4.12,CV,1698702520
84,afaahiti,-17.75,-149.2833,301.08,83,30,8.04,PF,1698702167
85,dauphin,51.1494,-100.0502,269.23,63,100,9.77,CA,1698702521
86,blackmans bay,-43.0167,147.3167,281.89,71,22,2.24,AU,1698702049
87,kuybyshev,55.4475,78.3218,268.01,88,98,5.53,RU,1698702522
88,gaspe,48.8334,-64.4819,275.27,75,100,0.0,CA,1698702523
89,myrina,39.8797,25.0742,289.73,94,0,2.06,GR,1698702524
90,tiksi,71.6872,128.8694,252.09,100,57,1.51,RU,1698702037
91,quellon,-43.1167,-73.6167,281.62,57,23,2.7,CL,1698702526
92,ryuo,35.65,138.5,284.84,79,0,0.5,JP,1698702526
93,west island,-12.1568,96.8225,299.14,83,100,6.69,CC,1698702045
94,rasht,37.2808,49.5832,289.49,72,99,1.65,IR,1698702486
95,pionerskiy,54.9508,20.2275,284.34,88,100,4.45,RU,1698702528
96,pacasmayo,-7.4006,-79.5714,291.27,91,75,7.33,PE,1698702529
97,utrik,11.2278,169.8474,301.23,80,73,8.59,MH,1698702038
98,yellowknife,62.456,-114.3525,273.94,93,75,4.12,CA,1698702037
99,vilhena,-12.7406,-60.1458,295.27,94,75,4.63,BR,1698702015
100,karratha,-20.7377,116.8463,299.86,50,72,3.16,AU,1698702077
101,hithadhoo,-0.6,73.0833,300.04,80,50,4.45,MV,1698702051
102,nar'yan-mar,67.6713,53.087,266.54,95,97,4.47,RU,1698702073
103,itaituba,-4.2761,-55.9836,304.24,66,75,1.44,BR,1698702168
104,salalah,17.0151,54.0924,298.2,83,20,2.57,OM,1698702532
105,remire-montjoly,4.9167,-52.2667,302.17,79,20,4.12,GF,1698702072
106,naama,33.2667,-0.3167,291.78,54,47,3.39,DZ,1698702534
107,chegdomyn,51.1167,133.0167,267.14,88,56,1.04,RU,1698702408
108,uturoa,-16.7333,-151.4333,299.31,79,11,8.15,PF,1698702091
109,xilin hot,43.9667,116.0333,276.65,75,48,5.97,CN,1698702535
110,hermanus,-34.4187,19.2345,286.59,77,0,6.98,ZA,1698702064
111,island harbour,50.724,-1.2758,283.7,94,11,2.32,GB,1698702112
112,nguigmi,14.2495,13.1092,302.62,19,51,4.95,NE,1698702048
113,aasiaat,68.7098,-52.8699,271.31,76,7,10.09,GL,1698702055
114,la asuncion,11.0333,-63.8628,301.13,81,93,4.59,VE,1698702349
115,lihue,21.9789,-159.3672,300.92,71,20,4.12,US,1698701920
116,kasaragod,12.5,75.0,297.41,95,100,1.71,IN,1698702539
117,kuta,-8.7233,115.1723,299.12,100,20,0.51,ID,1698702540
118,kingston,17.997,-76.7936,302.68,74,40,2.57,JM,1698701812
119,fort st. john,56.2499,-120.8529,278.09,45,100,4.63,CA,1698702300
120,la ronge,55.1001,-105.2842,267.29,53,75,4.63,CA,1698702113
121,kota tinggi,1.7381,103.8999,300.0,72,100,1.02,MY,1698702542
122,oranjemund,-28.55,16.4333,288.37,77,2,4.69,NA,1698702013
123,lae,-6.7221,146.9847,296.63,94,100,1.66,PG,1698702543
124,male,4.1748,73.5089,298.26,90,81,3.75,MV,1698702544
125,egilsstadir,65.2653,-14.3948,268.1,86,0,2.57,IS,1698702544
126,kirakira,-10.4544,161.9205,301.51,78,100,6.25,SB,1698702545
127,lompoc,34.6391,-120.4579,299.23,30,0,4.63,US,1698702075
128,yuzhno-kurilsk,44.0306,145.8556,281.14,76,55,3.38,RU,1698702181
129,holualoa,19.6228,-155.9522,301.79,69,20,3.6,US,1698702137
130,mocimboa,-11.3167,40.35,296.48,96,52,0.94,MZ,1698702547
131,stanley,54.868,-1.6985,280.24,95,75,2.06,GB,1698702048
132,flying fish cove,-10.4217,105.6791,298.97,88,100,4.12,CX,1698702104
133,whitehorse,60.7161,-135.0538,275.43,93,100,3.09,CA,1698702117
134,petropavlovsk-kamchatsky,53.0452,158.6483,273.48,82,20,4.92,RU,1698702070
135,chipata,-13.6333,32.65,292.58,81,15,4.93,ZM,1698702550
136,warmbad,-28.45,18.7333,291.41,44,0,9.3,NA,1698702551
137,ulsteinvik,62.3432,5.8487,276.9,60,0,2.68,NO,1698702551
138,mbaiki,3.8678,17.9892,295.76,95,39,0.82,CF,1698702552
139,minas de marcona,-15.2119,-75.1103,290.35,72,52,7.73,PE,1698702096
140,lunen,51.6167,7.5167,286.99,93,40,2.57,DE,1698702553
141,nova vicosa,-17.8919,-39.3719,297.8,75,93,6.61,BR,1698702554
142,nan,18.8333,100.6667,294.25,99,100,1.07,TH,1698702555
143,hasaki,35.7333,140.8333,286.09,58,0,2.73,JP,1698702014
144,trinidad,-14.8333,-64.9,307.14,49,40,6.17,BO,1698702556
145,luau,-10.7073,22.2247,292.24,95,100,1.24,AO,1698702556
146,mukalla,14.5425,49.1242,298.65,76,51,2.08,YE,1698702557
147,vadso,70.0744,29.7487,272.24,86,75,1.54,NO,1698702064
148,tangalle,6.024,80.7911,297.24,95,89,0.63,LK,1698702052
149,lebu,-37.6167,-73.65,283.69,63,65,5.41,CL,1698702132
150,muisne,0.6,-80.0333,298.49,83,100,4.22,EC,1698702559
151,chernyshevskiy,63.0128,112.4714,243.9,100,46,1.33,RU,1698702559
152,burabay,53.0838,70.3138,274.46,98,100,3.82,KZ,1698702560
153,bentiu,9.2333,29.8333,297.01,86,50,1.69,SS,1698702561
154,nampa,43.5407,-116.5635,283.62,42,0,0.45,US,1698702562
155,yumaguzino,52.9041,56.3933,273.29,89,100,3.19,RU,1698702562
156,magadan,59.5667,150.8,268.42,76,7,3.02,RU,1698702037
157,new norfolk,-42.7826,147.0587,282.55,80,55,3.72,AU,1698702146
158,puerto baquerizo moreno,-0.9,-89.6,300.7,69,75,6.17,EC,1698701880
159,qarauyl,48.9451,79.255,282.24,83,100,5.04,KZ,1698702564
160,san patricio,28.017,-97.5169,283.12,59,100,9.07,US,1698702068
161,san luis de la loma,17.2706,-100.8939,301.97,88,34,1.7,MX,1698702565
162,follonica,42.9263,10.7616,295.94,82,100,3.84,IT,1698702566
163,longquan,24.6719,102.1613,286.91,88,100,1.03,CN,1698702567
164,coahuayana de hidalgo,18.7,-103.6583,303.18,64,17,2.61,MX,1698702107
165,myeik,12.4333,98.6,298.63,87,93,2.03,MM,1698702568
166,rongelap,11.1635,166.8941,301.69,78,95,9.45,MH,1698702078
167,callao,-12.0667,-77.15,295.31,68,0,8.23,PE,1698702454
168,lata,40.1629,-8.3327,285.88,92,90,1.78,PT,1698702138
169,jinxiang,27.4327,120.6062,291.53,87,2,3.08,CN,1698702571
170,puerto armuelles,8.2833,-82.8667,301.14,75,100,4.47,PA,1698701915
171,pandan,14.0453,124.1694,300.01,87,100,6.27,PH,1698702160
172,cabedelo,-6.9811,-34.8339,299.52,72,26,4.33,BR,1698702572
173,gadzhiyevo,69.2551,33.3362,270.97,88,100,8.08,RU,1698702573
174,ancud,-41.8697,-73.8203,280.94,81,29,3.86,CL,1698702127
175,bel ombre,-4.6167,55.4167,299.06,83,20,1.54,SC,1698702129
176,ulundi,-28.3352,31.4162,284.54,84,97,1.69,ZA,1698702574
177,chonchi,-42.6128,-73.8092,283.22,92,76,1.3,CL,1698702043
178,dumai,1.6833,101.45,296.25,98,87,0.35,ID,1698702576
179,ola,59.5833,151.2833,266.67,71,5,2.54,RU,1698702019
180,haiku-pauwela,20.9219,-156.3051,302.16,65,20,8.23,US,1698701853
181,taupo,-38.6833,176.0833,287.32,96,100,2.84,NZ,1698702577
182,santa ana de yacuma,-13.75,-65.4333,308.12,43,40,6.17,BO,1698702578
183,dzhangala,49.2167,50.3333,277.41,76,54,3.58,KZ,1698702579
184,turkmenbasy,40.0222,52.9552,284.58,71,0,2.06,TM,1698702579
185,udachny,66.4167,112.4,252.09,100,97,2.06,RU,1698701811
186,peace river,56.2501,-117.286,275.32,69,100,2.57,CA,1698702499
187,namibe,-15.1961,12.1522,291.45,82,0,1.69,AO,1698702082
188,charters towers,-20.1,146.2667,295.91,52,25,3.81,AU,1698702056
189,guledagudda,16.05,75.8,297.27,66,35,3.15,IN,1698702582
190,nenjiang,49.1833,125.2167,272.14,39,100,2.26,CN,1698702582
191,walvis bay,-22.9575,14.5053,286.68,94,17,2.57,NA,1698701969
192,port alfred,-33.5906,26.891,287.14,94,62,0.89,ZA,1698702070
193,susuman,62.7833,148.1667,256.47,97,22,0.45,RU,1698702149
194,mar del plata,-38.0023,-57.5575,287.16,54,0,6.69,AR,1698702107
195,raymondville,26.4815,-97.7831,286.06,56,96,9.32,US,1698702585
196,palmer,42.1584,-72.3287,283.72,86,100,1.54,US,1698702425
197,luebo,-5.35,21.4167,294.61,99,84,0.49,CD,1698702586
198,ust-nera,64.5667,143.2,256.19,100,100,1.34,RU,1698702051
199,grand falls-windsor,48.9332,-55.6649,276.21,64,100,0.45,CA,1698701948
200,ubinskoye,55.3068,79.6802,268.09,90,100,5.18,RU,1698702588
201,east london,-33.0153,27.9116,288.13,79,59,5.46,ZA,1698702062
202,opuwo,-18.0607,13.84,294.1,17,1,2.72,NA,1698702590
203,dhuusamarreeb,5.535,46.3861,297.9,82,96,3.97,SO,1698702590
204,harrodsburg,37.7623,-84.8433,281.67,84,100,3.01,US,1698702591
205,krasnik,50.9236,22.2271,284.42,79,100,5.15,PL,1698702591
206,kstovo,56.1473,44.1979,273.81,100,100,3.53,RU,1698702592
207,idri,27.5,13.2667,296.28,26,24,3.07,LY,1698702593
208,santa cruz,-17.8,-63.1667,305.18,55,75,11.83,BO,1698702486
209,shiqian,27.5225,108.2281,288.34,82,100,0.8,CN,1698702594
210,mokopane,-24.1944,29.0097,285.45,71,100,1.8,ZA,1698702594
211,port lincoln,-34.7333,135.8667,286.79,54,64,5.6,AU,1698702098
212,port saint john's,-31.6229,29.5448,284.86,93,83,1.29,ZA,1698702595
213,yumbe,3.4651,31.2469,292.13,96,100,0.97,UG,1698702596
214,carutapera,-1.195,-46.02,301.13,76,2,7.31,BR,1698702596
215,mios,44.6049,-0.9333,289.2,67,75,7.72,FR,1698702597
216,vila franca do campo,37.7167,-25.4333,291.38,99,23,3.2,PT,1698702597
217,thompson,55.7435,-97.8558,267.24,68,100,5.66,CA,1698702052
218,preobrazheniye,42.9019,133.9064,283.82,91,23,2.69,RU,1698702598
219,siem reap,13.5,104.0,297.02,96,100,0.78,KH,1698702599
220,sao jose da coroa grande,-8.8978,-35.1478,297.17,74,67,2.64,BR,1698702600
221,farasan,16.7022,42.1183,303.32,62,23,1.76,SA,1698702602
222,solnechnyy,50.7214,136.6319,273.72,64,71,1.17,RU,1698702602
223,klyuchi,52.2667,79.1667,279.78,91,100,4.04,RU,1698702604
224,pingliang,35.5392,106.6861,285.32,68,69,0.76,CN,1698702605
225,rio grande,-32.035,-52.0986,293.21,92,100,4.17,BR,1698702605
226,midvagur,62.0511,-7.1939,276.61,81,75,3.6,FO,1698702068
227,severo-yeniseyskiy,60.3725,93.0408,254.56,99,75,1.0,RU,1698702121
228,izluchinsk,60.9794,76.9242,263.16,95,35,2.88,RU,1698702607
229,kirensk,57.7853,108.1119,265.91,62,100,1.34,RU,1698702608
230,oyem,1.5995,11.5793,293.43,99,86,1.12,GA,1698702609
231,syktyvkar,61.6764,50.8099,270.0,86,75,1.0,RU,1698702561
232,codrington,-38.2667,141.9667,284.8,60,32,6.09,AU,1698702046
233,kayangel,8.0823,134.7173,301.67,74,28,3.24,PW,1698702313
234,tamanrasset,22.785,5.5228,297.1,16,40,2.06,DZ,1698702171
235,harstad,68.799,16.5293,272.94,96,89,4.47,NO,1698702612
236,tapalpa,19.95,-103.7667,294.66,53,7,3.02,MX,1698702613
237,lecheng,25.1238,113.3254,290.64,91,50,0.54,CN,1698702614
238,kindu,-2.95,25.95,295.85,83,62,0.74,CD,1698701968
239,hamilton,39.1834,-84.5333,281.22,82,100,5.14,US,1698702088
240,gaiman,-43.2897,-65.4929,282.29,56,68,6.48,AR,1698702616
241,inari,68.906,27.0288,262.26,90,100,2.21,FI,1698702616
242,tegal,-6.8694,109.1402,299.6,79,11,3.64,ID,1698702617
243,taltal,-25.4,-70.4833,293.36,63,22,2.36,CL,1698702163
244,kapuskasing,49.4169,-82.4331,271.2,64,40,3.6,CA,1698702081
245,siwa oasis,29.2041,25.5195,296.58,51,12,3.55,EG,1698702619
246,san jorge,-31.8962,-61.8598,291.95,60,100,3.35,AR,1698702619
247,ornskoldsvik,63.2909,18.7153,263.68,92,20,1.54,SE,1698702620
248,wanda,-25.9693,-54.5697,292.38,100,86,0.59,AR,1698702621
249,old town,50.087,14.4202,287.7,86,0,3.09,CZ,1698702621
250,penzance,50.1186,-5.5371,285.53,81,47,7.46,GB,1698702622
251,bagan,54.1001,77.6646,269.86,96,100,4.29,RU,1698702622
252,aswan,24.0934,32.907,302.76,24,0,1.54,EG,1698702623
253,tolanaro,-25.0319,46.9987,298.19,83,75,0.0,MG,1698702083
254,acarau,-2.8856,-40.12,299.17,78,66,7.2,BR,1698701926
255,ialibu,-6.2821,143.9935,288.32,88,100,0.76,PG,1698702625
256,arraial do cabo,-22.9661,-42.0278,300.13,83,0,2.57,BR,1698701969
257,necochea,-38.5473,-58.7368,283.59,54,2,3.11,AR,1698702626
258,arys,42.4252,68.795,288.42,59,100,8.36,KZ,1698702184
259,khandyga,62.6667,135.6,263.23,95,100,2.37,RU,1698702054
260,albert lea,43.648,-93.3683,276.47,52,40,5.14,US,1698702627
261,maintirano,-18.0667,44.0167,298.55,74,4,5.55,MG,1698702628
262,aykhal,66.0,111.5,252.27,99,100,2.6,RU,1698702048
263,lazaro cardenas,17.9583,-102.2,301.65,76,9,3.14,MX,1698702110
264,yevpatoriya,45.1972,33.3558,288.19,53,3,2.94,UA,1698702630
265,miles city,46.4083,-105.8406,272.69,69,0,7.2,US,1698702630
266,muynoq,43.7683,59.0214,284.03,68,0,8.58,UZ,1698702631
267,zouerate,22.7187,-12.4521,302.09,14,0,1.39,MR,1698702632
268,talnakh,69.4865,88.3972,256.04,96,100,2.52,RU,1698702049
269,smithers,54.7804,-127.1743,275.33,60,20,1.54,CA,1698702633
270,agios nikolaos,35.1914,25.7133,295.24,72,10,1.43,GR,1698702634
271,puerto pilon,9.3644,-79.7933,301.36,73,96,2.42,PA,1698702634
272,kapa'a,22.0752,-159.319,301.33,71,20,4.12,US,1698702079
273,kashgar,39.4547,75.9797,287.71,28,0,3.0,CN,1698702636
274,fortuna,40.5982,-124.1573,292.0,60,0,4.63,US,1698702143
275,crookston,47.7741,-96.6081,272.09,93,100,3.09,US,1698702637
276,turpan,42.9333,89.1667,286.9,38,26,0.57,CN,1698702638
277,swift current,50.2834,-107.8014,267.6,68,0,3.09,CA,1698702638
278,tazovsky,67.4667,78.7,256.18,96,23,1.77,RU,1698701816
279,illizi,26.4833,8.4667,299.04,16,0,4.29,DZ,1698702085
280,mount gambier,-37.8333,140.7667,284.8,58,77,4.29,AU,1698702122
281,scone,56.4194,-3.4051,279.42,77,100,0.45,GB,1698702640
282,sinop,41.7711,34.8709,289.02,73,61,5.85,TR,1698702058
283,anzio,41.4853,12.6179,296.85,84,100,7.79,IT,1698702641
284,watampone,-4.5386,120.3279,296.35,93,66,1.62,ID,1698702642
285,high river,50.5834,-113.8687,275.55,88,88,3.54,CA,1698702451
286,grand forks,47.9417,-97.4337,271.11,86,100,7.72,US,1698702643
287,uliastay,47.7417,96.8444,272.98,75,83,2.13,MN,1698702644
288,dakhla,23.6848,-15.958,294.16,94,0,4.12,EH,1698702644
289,maisi,43.0395,41.2621,288.27,35,0,3.36,GE,1698702072
290,magadi,12.9667,77.2333,295.24,93,100,3.43,IN,1698702645
291,sarai sidhu,30.5949,71.9698,295.85,36,0,2.58,PK,1698702646
292,bairnsdale,-37.8333,147.6167,285.4,69,8,1.79,AU,1698702646
293,natal,-5.795,-35.2094,300.27,69,0,7.2,BR,1698702183
294,tralee,52.2704,-9.7026,281.11,92,13,1.81,IE,1698702647
295,puerto aysen,-45.4,-72.7,281.62,94,41,0.2,CL,1698702127
296,westport,41.1415,-73.3579,288.17,87,100,4.12,US,1698702492
297,nuuk,64.1835,-51.7216,281.49,31,75,7.72,GL,1698701871
298,quang ngai,15.1167,108.8,296.69,95,100,2.38,VN,1698702650
299,chardara,41.2547,67.9692,291.92,54,100,7.17,KZ,1698702650
300,villa gesell,-37.2639,-56.973,286.51,58,26,7.4,AR,1698702651
301,keflavik,64.0049,-22.5624,277.39,70,75,6.17,IS,1698702099
302,trincomalee,8.5711,81.2335,297.31,94,97,0.84,LK,1698702174
303,alice springs,-23.7,133.8833,292.9,21,60,4.12,AU,1698701901
304,tazacorte,28.629,-17.9293,296.69,93,40,1.79,ES,1698702653
305,turkmenabat,39.0733,63.5786,291.14,52,83,8.23,TM,1698702653
306,al bawiti,28.3492,28.8659,295.07,70,33,3.67,EG,1698702654
307,prince albert,53.2001,-105.7677,270.12,43,20,4.12,CA,1698702654
308,atafu village,-8.5421,-172.5159,302.07,76,53,7.08,TK,1698702655
309,n'zeto,-7.2312,12.8666,298.73,89,52,4.36,AO,1698702656
310,taroa,8.7058,171.2275,301.42,80,83,8.76,MH,1698702154
311,geraldton,-28.7667,114.6,285.38,71,0,4.12,AU,1698702125
312,mont-dore,-22.2833,166.5833,297.59,99,8,2.47,NC,1698702658
313,newman,37.3138,-121.0208,297.17,33,2,0.45,US,1698702119
314,mek'ele,13.4967,39.4753,289.78,70,64,5.87,ET,1698702659
315,demerval lobao,-5.3583,-42.6764,308.82,22,65,1.03,BR,1698702659
316,howard springs,-12.497,131.047,300.3,85,59,2.1,AU,1698702660
317,cacu,-18.5567,-51.1308,303.55,46,86,1.08,BR,1698702660
318,fort irwin,35.2627,-116.6848,290.89,11,0,3.09,US,1698702659
319,portland,45.5234,-122.6762,290.89,40,20,7.72,US,1698702518
320,eyl,7.9803,49.8164,299.99,76,94,3.87,SO,1698702662
321,greymouth,-42.4667,171.2,285.77,79,100,4.22,NZ,1698702459
322,sidi okba,34.7451,5.8983,299.31,22,0,2.57,DZ,1698702664
323,aldinga beach,-35.2793,138.4604,287.18,57,57,5.82,AU,1698702664
324,kaa-khem,51.6833,94.7333,272.82,97,100,1.04,RU,1698702665
325,luza,60.6308,47.2512,268.09,89,95,1.6,RU,1698702665
326,champion heights,41.29,-80.8459,279.62,83,100,4.63,US,1698702666
327,sao vicente,-23.9631,-46.3919,306.25,51,0,1.54,BR,1698702173
328,siocon,7.7061,122.1353,300.79,74,100,2.13,PH,1698702668
329,dhidhdhoo,6.8833,73.1,300.55,76,100,2.03,MV,1698702668
330,priargunsk,50.3691,119.1012,269.48,46,100,2.4,RU,1698702669
331,ilhabela,-23.7781,-45.3581,297.8,95,100,2.34,BR,1698702396
332,san cristobal verapaz,15.3833,-90.4,295.46,68,40,3.09,GT,1698702670
333,culiacan,24.7994,-107.3897,304.97,51,0,1.54,MX,1698702503
334,uyskoye,54.3775,60.0047,267.47,92,87,1.57,RU,1698702671
335,namtsy,62.7161,129.6658,256.52,96,100,2.94,RU,1698702672
336,shiraz,29.6036,52.5388,289.84,48,50,0.0,IR,1698702672
337,luderitz,-26.6481,15.1594,287.72,78,0,7.23,NA,1698701972
338,mata-utu,-13.2816,-176.1745,301.58,76,23,6.75,WF,1698702030
339,hemsby,52.6971,1.6918,282.82,96,100,2.15,GB,1698702675
340,bocaiuva,-17.1078,-43.815,305.99,44,100,2.75,BR,1698702676
341,chadron,42.8294,-102.9999,280.97,30,40,8.23,US,1698702676
342,papao,-17.75,-149.55,301.97,80,0,8.33,PF,1698702109
343,constitucion,-35.3333,-72.4167,284.61,60,99,6.91,CL,1698702677
344,kabalo,-6.05,26.9167,295.27,78,99,1.26,CD,1698702678
345,baiyin,36.5583,104.2081,283.1,39,5,0.84,CN,1698702679
346,duba,27.3513,35.6901,299.99,58,0,1.98,SA,1698702679
347,hard bargain,26.3167,-77.5667,299.19,86,31,8.49,BS,1698702680
348,pathein,16.7833,94.7333,297.5,89,92,2.16,MM,1698702680
349,vila velha,-20.3297,-40.2925,299.23,82,0,7.72,BR,1698702681
350,irymple,-34.25,142.1667,285.98,62,31,0.45,AU,1698702682
351,bayanhongor,46.7167,100.1167,269.7,78,88,1.17,MN,1698702683
352,inhambane,-23.865,35.3833,293.12,66,100,3.66,MZ,1698702683
353,valdosta,30.8327,-83.2785,302.12,50,20,2.06,US,1698702655
354,dudinka,69.4058,86.1778,256.3,97,100,0.89,RU,1698702684
355,yanam,16.7333,82.2167,298.3,74,87,2.35,IN,1698702685
356,san mateo del mar,16.2,-95.0,303.27,61,61,12.87,MX,1698702685
357,rikaze,29.25,88.8833,274.59,59,0,1.19,CN,1698702686
358,cururupu,-1.8283,-44.8683,298.81,82,4,2.39,BR,1698702566
359,an nuhud,12.7,28.4333,302.63,33,100,3.29,SD,1698702477
360,mili,6.0815,171.735,301.33,76,100,5.02,MH,1698702181
361,kolonia town,6.964,158.206,303.15,79,75,1.54,FM,1698702098
362,ugoofaaru,5.6667,73.0,300.65,75,100,2.85,MV,1698702689
363,san antonio de pale,-1.4014,5.6325,299.65,85,88,6.0,GQ,1698702170
364,fortaleza,-3.7227,-38.5247,302.08,71,0,3.09,BR,1698702690
365,saint-louis,16.3333,-15.0,304.95,36,4,6.69,SN,1698702691
366,burayevo,55.8407,55.4083,271.67,97,100,3.14,RU,1698702691
367,antsiranana,-12.2787,49.2917,297.8,80,100,5.9,MG,1698702692
368,pasuquin,18.3328,120.6177,296.12,88,75,1.03,PH,1698702693
369,gualeguaychu,-33.0094,-58.5172,290.77,61,54,5.38,AR,1698702693
370,rockland,41.1668,-74.0496,286.73,89,100,0.89,US,1698702694
371,duragan,41.4158,35.0544,290.43,76,91,0.59,TR,1698702694
372,coxen hole,16.3244,-86.5366,302.75,62,20,1.54,HN,1698702695
373,talara,-4.5772,-81.2719,298.57,69,0,6.17,PE,1698702695
374,tsiombe,-25.3,45.4833,294.13,89,94,2.21,MG,1698701888
375,mercedes,-34.6515,-59.4307,293.17,37,99,3.31,AR,1698702696
376,kourou,5.1552,-52.6478,302.18,84,19,2.79,GF,1698702697
377,twin falls,42.3505,-114.6445,280.34,31,0,2.57,US,1698702698
378,tutayev,57.8853,39.5406,271.81,98,100,2.16,RU,1698702698
379,bamboo flat,11.7,92.7167,300.2,89,40,3.6,IN,1698702699
380,mossel bay,-34.1831,22.146,285.11,75,0,10.5,ZA,1698702699
381,betio village,1.358,172.9211,300.17,76,100,1.7,KI,1698702700
382,vilyuysk,63.7553,121.6247,254.67,100,87,1.19,RU,1698702701
383,malango,-2.9627,119.9001,291.42,87,87,1.03,ID,1698702105
384,al kharijah,25.4514,30.5464,297.98,52,0,3.34,EG,1698702702
385,thunder bay,48.4001,-89.3168,272.14,47,100,3.09,CA,1698702032
386,gangolli,13.65,74.6667,300.45,78,91,1.12,IN,1698702703
387,ocean city,39.2776,-74.5746,294.25,74,45,6.26,US,1698702704
388,rumphi,-11.0186,33.8575,295.51,64,36,4.46,MW,1698702705
389,kovalam,8.3667,76.9967,300.2,89,40,1.54,IN,1698702705
390,taksimo,56.3444,114.8794,259.75,71,46,1.74,RU,1698702706
391,dongcun,36.7767,121.1597,288.76,89,4,1.88,CN,1698702706
392,arvayheer,46.2639,102.775,273.33,60,100,0.4,MN,1698702707
393,nemuro,43.3236,145.575,283.2,80,21,4.06,JP,1698701963
394,rifle,39.5347,-107.7831,281.14,28,0,0.45,US,1698702708
395,shalqar,47.8333,59.6,278.84,65,100,8.41,KZ,1698702110
396,happy valley-goose bay,53.3168,-60.3315,273.32,40,40,6.69,CA,1698702472
397,salgueiro,-8.0742,-39.1192,303.94,21,90,4.69,BR,1698702710
398,swakopmund,-22.6833,14.5333,286.62,81,13,2.7,NA,1698702156
399,padang,-0.9492,100.3543,296.18,91,100,1.02,ID,1698702711
400,crane,31.3974,-102.3501,279.79,39,59,3.69,US,1698702163
401,st. john's,47.5649,-52.7093,277.97,66,100,4.12,CA,1698701971
402,ust'-ilimsk,58.0006,102.6619,263.39,94,72,1.79,RU,1698702713
403,hajjah,15.6943,43.6058,291.68,72,70,0.35,YE,1698702713
404,rabo de peixe,37.8,-25.5833,290.88,99,40,3.09,PT,1698702714
405,envira,-7.3,-70.2167,303.13,61,93,1.99,BR,1698702714
406,barabai,-2.5833,115.3833,297.28,86,46,0.73,ID,1698702715
407,nampula,-15.1165,39.2666,297.12,83,40,4.12,MZ,1698702715
408,medina,24.4686,39.6142,299.39,53,0,2.06,SA,1698702716
409,piti village,13.4626,144.6933,302.18,86,40,3.09,GU,1698702716
410,pisco,-13.7,-76.2167,296.18,64,79,10.29,PE,1698702717
411,touros,-5.1989,-35.4608,298.65,75,22,6.77,BR,1698702158
412,paranaiba,-19.6772,-51.1908,302.14,55,86,1.61,BR,1698702718
413,puri,19.8,85.85,294.44,81,2,2.11,IN,1698702719
414,fale old settlement,-9.3852,-171.2468,301.49,78,53,7.07,TK,1698702720
415,yaren,-0.5472,166.916,301.59,69,62,1.76,NR,1698702720
416,ylitornio,66.3089,23.6773,254.29,100,81,0.95,FI,1698702721
417,fiambala,-27.6871,-67.6149,296.6,26,57,3.85,AR,1698702721
418,bunia,1.5667,30.25,290.16,85,55,1.86,CD,1698702723
419,alesund,62.4723,6.1549,276.9,67,0,5.14,NO,1698702723
420,farrukhnagar,17.0778,78.2011,294.99,76,26,2.72,IN,1698702724
421,akhmim,26.5622,31.745,299.26,45,0,2.8,EG,1698702725
422,hornostayivka,47.0078,33.729,286.68,75,17,3.67,UA,1698702725
423,aden,12.7794,45.0367,299.61,71,100,5.29,YE,1698702726
424,suva,-18.1416,178.4415,300.86,83,75,3.6,FJ,1698702726
425,nagqu,31.5,92.0,266.51,88,100,0.97,CN,1698702727
426,tannum sands,-23.9504,151.3693,298.57,64,7,1.54,AU,1698702727
427,priozersk,61.0393,30.1291,273.68,89,89,3.5,RU,1698702140
428,urengoy,65.9667,78.3667,259.12,97,9,1.52,RU,1698702148
429,richards bay,-28.783,32.0377,287.81,84,97,3.64,ZA,1698702729
430,kolasib,24.2333,92.7,290.53,94,6,0.48,IN,1698702730
431,catabola,-12.15,17.2833,291.34,91,100,2.83,AO,1698702730
432,dalandzadgad,43.5708,104.425,278.57,70,9,2.72,MN,1698701988
433,rock springs,41.5875,-109.2029,279.39,29,0,5.66,US,1698702731
434,muntok,-2.0667,105.1833,300.7,76,25,3.09,ID,1698702732
435,funafuti,-8.5243,179.1942,304.15,89,40,2.57,TV,1698702733
436,whakatane,-37.9585,176.9854,291.36,98,100,1.79,NZ,1698702734
437,waddan,29.1614,16.139,295.83,35,98,2.85,LY,1698702734
438,sol'-iletsk,51.1631,54.9918,274.03,79,98,3.45,RU,1698702735
439,lerwick,60.1545,-1.1494,280.15,57,28,10.07,GB,1698702735
440,voss,60.623,6.4229,272.26,79,100,2.19,NO,1698702537
441,vakarai,55.6035,23.8213,280.44,93,84,2.99,LT,1698702736
442,winkler,49.1817,-97.941,270.27,93,100,6.69,CA,1698702737
443,lodja,-3.4833,23.4333,295.16,96,100,0.07,CD,1698702738
444,tshabong,-26.05,22.45,288.03,66,0,9.81,BW,1698702738
445,winneba,5.3511,-0.6231,298.0,95,3,1.35,GH,1698702739
446,george town,5.4112,100.3354,300.11,92,20,2.57,MY,1698702470
447,timimoun,29.2639,0.231,300.36,17,0,2.57,DZ,1698702520
448,ludington,43.9553,-86.4526,275.34,56,75,4.63,US,1698702740
449,gherla,47.0333,23.9167,280.54,53,10,1.93,RO,1698702741
450,takoradi,4.8845,-1.7554,299.42,88,4,2.84,GH,1698702510
451,kerikeri,-35.2268,173.9474,291.43,95,100,1.34,NZ,1698702742
452,nyagan,62.1406,65.3936,265.05,74,100,2.27,RU,1698702743
453,cabo san lucas,22.8909,-109.9124,305.16,68,40,4.12,MX,1698702628
454,napier,-39.4833,176.9167,289.42,91,99,2.24,NZ,1698702458
455,saint-pierre,-21.3393,55.4781,296.97,69,20,2.06,RE,1698702004
456,wanning,18.8003,110.3967,295.57,95,69,1.16,CN,1698702746
457,hammerfest,70.6634,23.6821,274.4,86,100,4.63,NO,1698702746
458,floro,61.5996,5.0328,278.69,41,0,2.57,NO,1698702747
459,luanco,43.6152,-5.7934,288.72,66,35,7.31,ES,1698702158
460,guerrero negro,27.9769,-114.0611,299.53,36,0,4.89,MX,1698702748
461,el nido,11.1858,119.3956,301.56,73,79,2.78,PH,1698702749
462,huaicheng,23.9051,112.1931,291.06,83,94,0.95,CN,1698702749
463,praia da vitoria,38.7333,-27.0667,291.35,77,20,7.61,PT,1698702473
464,shimoda,34.6667,138.95,288.76,74,72,1.86,JP,1698702728
465,serenje,-13.2325,30.2352,291.85,78,65,4.96,ZM,1698702751
466,bayanaul,50.7889,75.6956,280.14,80,100,4.54,KZ,1698702751
467,ocosingo,17.0667,-92.25,292.62,94,65,1.0,MX,1698702752
468,challapata,-18.9,-66.7667,288.02,8,5,2.7,BO,1698702753
469,lamarque,-39.423,-65.7021,290.21,17,100,5.83,AR,1698702753
470,worthington,40.0931,-83.018,280.38,81,75,5.14,US,1698702754
471,santyoku,37.4406,129.1708,283.88,80,10,3.28,KR,1698702754
472,feijo,-8.1642,-70.3536,306.04,44,89,2.0,BR,1698702755
473,taulaga,-11.0553,-171.0883,301.55,78,42,9.92,AS,1698702755
474,carbonear,47.7332,-53.2148,277.93,73,100,3.67,CA,1698702756
475,amahai,-3.3333,128.9167,299.23,82,67,0.95,ID,1698702756
476,aban,56.67,96.06,264.64,79,13,3.67,RU,1698702757
477,saudarkrokur,65.7461,-19.6394,271.75,81,55,3.49,IS,1698701973
478,albunol,36.792,-3.205,289.56,42,100,1.8,ES,1698702758
479,bay city,43.5945,-83.8889,278.33,46,40,6.17,US,1698702759
480,tanggulangin,-7.4996,112.6999,300.13,83,20,2.06,ID,1698702760
481,huilong,31.8111,121.655,290.89,84,0,3.58,CN,1698702760
482,puerto gaitan,4.3133,-72.0816,303.28,66,100,1.86,CO,1698702761
483,kulunda,52.566,78.9385,275.99,99,100,0.86,RU,1698702761
484,banda aceh,5.5577,95.3222,300.45,76,99,2.44,ID,1698702762
485,chetwayi,10.5333,76.05,297.27,93,100,2.22,IN,1698702762
486,guiuan,11.0333,125.7247,300.58,79,100,4.22,PH,1698702763
487,guajara mirim,-10.7828,-65.3394,303.36,51,87,0.97,BR,1698702763
488,derbent,42.0678,48.2899,288.76,79,0,7.53,RU,1698702764
489,la'ie,21.6477,-157.9253,303.18,67,10,1.79,US,1698702477
490,villa juarez,24.6536,-107.5411,305.29,51,0,1.54,MX,1698702765
491,nahiyat al fuhud,30.9697,46.7228,300.82,24,99,2.13,IQ,1698702766
492,elista,46.3078,44.2558,282.44,81,6,6.0,RU,1698702766
493,shengli,37.4564,118.4856,290.1,52,11,2.55,CN,1698702767
494,galliano,29.4422,-90.2992,297.15,57,100,8.23,US,1698702713
495,paseh,-7.1026,107.7641,292.1,94,20,1.27,ID,1698702768
496,aksu,41.1231,80.2644,285.37,36,51,1.61,CN,1698702768
497,xylokastro,38.0776,22.6317,295.37,65,0,3.07,GR,1698702769
498,strezhevoy,60.7333,77.5889,259.8,96,13,2.24,RU,1698702770
499,elliot,-31.3333,27.85,278.57,86,83,0.68,ZA,1698702770
500,harper,4.375,-7.7169,297.93,92,84,1.45,LR,1698702771
501,qui nhon,13.7667,109.2333,296.75,93,100,1.28,VN,1698702678
502,mo i rana,66.3128,14.1428,265.55,87,0,1.03,NO,1698702772
503,weno,7.4515,151.8468,301.82,75,50,5.56,FM,1698702772
504,vorgashor,67.5833,63.95,261.43,87,100,3.69,RU,1698702736
505,santo antonio,-6.3106,-35.4789,297.35,72,12,5.93,BR,1698702774
506,zweibrucken,49.25,7.3667,285.86,95,100,7.72,DE,1698702774
507,carnarvon,-24.8667,113.6333,293.87,74,0,9.23,AU,1698702775
508,zakynthos,37.7914,20.8953,292.39,66,0,1.83,GR,1698702775
509,mokhsogollokh,61.4681,128.9203,253.58,99,97,1.59,RU,1698702776
510,kunshan,31.3776,120.9543,291.09,86,0,2.34,CN,1698702776
511,uravakonda,14.95,77.2667,295.74,87,84,3.08,IN,1698702777
512,mitu,1.1983,-70.1733,300.89,72,98,1.33,CO,1698702778
513,gamba,-2.65,10.0,298.06,93,100,2.39,GA,1698702779
514,congonhas,-20.4997,-43.8578,296.47,75,100,0.57,BR,1698702725
515,motueka,-41.1333,173.0167,292.18,61,87,0.32,NZ,1698702780
516,livingstone,-17.8419,25.8543,297.21,58,100,4.5,ZM,1698702781
517,shyryayeve,47.3805,30.1964,288.38,61,100,5.22,UA,1698702781
518,dalai,45.5,124.3,277.2,29,100,4.98,CN,1698702782
519,tsarevo,42.1667,27.85,288.84,82,0,1.11,BG,1698702782
520,shubarkuduk,49.1447,56.4872,277.11,68,100,5.36,KZ,1698702783
521,zhlobin,52.8926,30.024,282.78,93,69,2.67,BY,1698702784
522,santa terezinha,-29.9002,-50.0904,293.16,99,100,1.22,BR,1698702784
523,brzesko,49.9691,20.6061,287.73,79,100,4.45,PL,1698702785
524,colonia,50.9333,6.95,286.46,91,20,3.09,DE,1698702663
525,ozernyy,55.5802,32.4127,280.08,97,100,3.15,RU,1698702786
526,hotan,37.0997,79.9269,287.11,19,0,1.83,CN,1698702787
527,baihe,22.15,107.2333,292.84,87,98,0.66,CN,1698702787
528,nova sintra,14.8667,-24.7167,296.55,67,31,1.26,CV,1698702788
529,tupiza,-21.45,-65.7167,293.87,4,72,8.73,BO,1698702788
530,fereydunshahr,32.941,50.121,281.67,46,100,3.15,IR,1698702789
531,nhamunda,-2.1861,-56.7131,306.22,32,9,1.41,BR,1698702790
532,idku,31.3078,30.299,297.8,84,39,6.57,EG,1698702791
533,lamu,-2.2717,40.902,300.27,94,6,2.33,KE,1698702792
534,salavan,15.7167,106.4167,293.74,96,39,1.7,LA,1698702793
535,urangan,-25.3,152.9,295.17,70,0,6.33,AU,1698702794
536,gubkinskiy,64.434,76.5026,260.08,93,9,2.03,RU,1698702794
537,makueni boma,-1.8041,37.6203,291.76,94,78,2.02,KE,1698702795
538,bonthe,7.5264,-12.505,299.26,85,78,1.9,SL,1698702796
539,mejit,10.2753,170.8646,301.2,80,92,8.73,MH,1698702797
540,hastings,50.8552,0.5729,284.0,52,94,2.66,GB,1698702797
541,polyarnyye zori,67.3661,32.4981,266.47,85,96,2.78,RU,1698702631
542,kidal,18.4411,1.4078,301.87,10,31,4.91,ML,1698702798
543,vinh long,10.25,105.9667,298.14,91,78,1.96,VN,1698702799
544,margate,51.3813,1.3862,283.09,95,100,0.45,GB,1698702565
545,dunedin,-45.8742,170.5036,291.52,72,100,3.13,NZ,1698702523
546,mugia,43.1041,-9.2179,288.24,69,0,8.98,ES,1698702801
547,conde,-7.2597,-34.9075,298.85,73,0,5.14,BR,1698702785
548,al bardiyah,31.7561,25.0865,294.45,79,86,2.47,LY,1698702802
549,koryazhma,61.3143,47.1691,270.88,83,98,0.97,RU,1698702803
550,melykut,46.2151,19.381,290.77,39,62,6.39,HU,1698702803
551,acapulco de juarez,16.8634,-99.8901,302.35,76,48,2.01,MX,1698702804
552,sydney,-33.8679,151.2073,300.68,29,0,0.89,AU,1698702271
553,fada,9.5667,8.3,297.81,52,79,0.91,NG,1698702805
554,la sarre,48.8002,-79.1996,271.51,74,100,3.02,CA,1698702650
555,benghazi,32.1167,20.0667,296.05,69,2,4.61,LY,1698702665
556,zinder,13.8072,8.9881,303.02,16,100,5.46,NE,1698702807
557,constantia,44.1833,28.65,287.53,73,0,3.24,RO,1698702807
558,tutoia,-2.7619,-42.2744,299.63,79,72,7.13,BR,1698702808
559,koster,-25.863,26.8976,281.68,78,100,7.59,ZA,1698702808
560,ta`u,-14.2336,-169.5144,300.04,81,28,11.46,AS,1698702775
561,klaksvik,62.2266,-6.589,276.66,61,93,7.38,FO,1698702809
562,aktobe,50.2797,57.2072,275.2,80,100,7.0,KZ,1698702810
563,columbia,34.0007,-81.0348,301.97,55,0,3.6,US,1698702517
